EmpID,FirstName,LastName,StartDate,ExitDate,Title,Supervisor,ADEmail,BusinessUnit,EmployeeStatus,EmployeeType,PayZone,EmployeeClassificationType,TerminationType,TerminationDescription,DepartmentType,Division,DOB,State,JobFunctionDescription,GenderCode,LocationCode,RaceDesc,MaritalDesc,Performance Score,Current Employee Rating,Performancance lvel
3703,Addisyn,Guerrero,31-Aug-20,26-Jun-22,Production Technician I,Cory Lee,addisyn.guerrero@bilearner.com,EW,Active,Part-Time,Zone A,Part-Time,Resignation,Tax herself interview maybe control.,Production       ,Engineers,15-02-1951,MA,Engineer,Female,87563,White,Widowed,Exceeds,4,high
3704,Addisyn,Aguilar,25-Jan-19,26-Oct-21,Production Technician I,April Stevens,addisyn.aguilar@bilearner.com,CCDR,Active,Full-Time,Zone C,Part-Time,Involuntary,Message firm social daughter third ready.,Production       ,Field Operations,05-02-1976,MA,Associate,Female,20993,Asian,Married,Exceeds,5,very high
3705,Marcos,Gallagher,21-Nov-20,09-Apr-23,Production Technician I,Bridget Little,marcos.gallagher@bilearner.com,BPC,Active,Full-Time,Zone A,Part-Time,Involuntary,Any after despite suddenly decade.,Production       ,General - Sga,27-05-1967,MA,Vp,Female,88723,White,Single,Exceeds,3,medium
3706,Mareli,Parker,23-Sep-19,,Production Technician I,Lisa Hamilton,mareli.parker@bilearner.com,WBL,Active,Full-Time,Zone B,Part-Time,Unk,,Production       ,Field Operations,08-11-1974,MA,Laborer,Male,59933,White,Divorced,Exceeds,3,medium
3707,Joshua,Mitchell,11-Dec-22,,Production Technician I,Kenneth Keller,joshua.mitchell@bilearner.com,TNS,Active,Contract,Zone B,Temporary,Unk,,Production       ,Engineers,01-12-1995,MA,Manager,Male,81280,Asian,Divorced,Exceeds,3,medium
3708,Case,Gaines,21-Aug-20,20-Sep-22,Production Technician I,Morgan Smith,case.gaines@bilearner.com,SVG,Active,Full-Time,Zone C,Part-Time,Resignation,Finally feeling often some.,Production       ,Fielders,19-02-1974,MA,Engineer,Male,13899,Black,Married,Exceeds,4,high
3709,Jacey,Reyes,04-Feb-19,17-Apr-23,Production Technician I,Donald Powell,jacey.reyes@bilearner.com,PYZ,Active,Full-Time,Zone C,Part-Time,Voluntary,Provide late phone school score sound growth.,Production       ,Splicing,18-09-1969,MA,Splicer,Male,44907,Black,Divorced,Exceeds,5,very high
3710,Dean,Middleton,29-Oct-21,,Production Technician I,Rebecca Henderson,dean.middleton@bilearner.com,PL,Active,Full-Time,Zone C,Part-Time,Unk,,Production       ,Aerial,16-10-1960,MA,Foreman,Female,64630,Hispanic,Single,Exceeds,1,low
3711,Marlene,Bates,17-Jul-21,,Production Technician I,David Bowman,marlene.bates@bilearner.com,NEL,Active,Part-Time,Zone A,Temporary,Unk,,Production       ,Finance & Accounting,03-01-1981,MA,Administrative,Female,36588,Black,Single,Needs Improvement,1,low
3712,Kyra,Ray,28-Apr-19,01-Sep-22,Production Technician I,Christopher Robertson,kyra.ray@bilearner.com,MSC,Future Start,Part-Time,Zone C,Temporary,Retirement,Year color woman become year scene very.,Production       ,Field Operations,03-04-1956,MA,Technician,Male,33658,Asian,Married,Needs Improvement,5,very high
3713,Melanie,Kennedy,21-Jul-20,,Production Technician I,Michelle Miller,melanie.kennedy@bilearner.com,EW,Active,Full-Time,Zone B,Temporary,Unk,,Production       ,General - Sga,10-04-1985,MA,Administrator,Male,87025,Hispanic,Widowed,Fully Meets,3,medium
3714,Aleena,Mercer,19-Jan-20,,Production Technician I,Kyle Turner,aleena.mercer@bilearner.com,CCDR,Active,Full-Time,Zone B,Part-Time,Unk,,Production       ,Field Operations,19-04-1965,MA,Laborer,Male,93985,White,Married,Fully Meets,4,high
3715,Jake,White,12-Sep-21,,Production Technician I,Dawn Mendoza,jake.white@bilearner.com,BPC,Active,Contract,Zone A,Full-Time,Unk,,Production       ,Project Management - Con,05-03-1976,MA,Coordinator,Male,27233,Black,Widowed,Fully Meets,4,high
3716,Chaim,Chase,31-Jul-22,18-Feb-23,Production Technician II,David Goodman,chaim.chase@bilearner.com,SVG,Voluntarily Terminated,Full-Time,Zone A,Full-Time,Voluntary,Walk call activity onto seven about.,Production       ,General - Con,27-06-1993,MA,Laborer,Female,5569,Black,Married,Fully Meets,1,low
3717,Keshawn,Le,18-May-23,,Production Technician II,Samuel Turner,keshawn.le@bilearner.com,EW,Active,Contract,Zone B,Full-Time,Unk,,Production       ,Field Operations,07-11-1992,MA,Specialist,Female,21090,Asian,Married,Fully Meets,2,low
3718,Dalton,Frazier,25-May-21,22-Oct-21,Production Technician II,Claudia White,dalton.frazier@bilearner.com,MSC,Voluntarily Terminated,Contract,Zone C,Temporary,Voluntary,Save east phone arrive floor maybe.,Production       ,Field Operations,15-09-1946,MA,Driver,Female,52357,Other,Married,Fully Meets,4,high
3719,Cannon,Hester,22-Jul-22,,Production Technician II,David Ward,cannon.hester@bilearner.com,TNS,Active,Contract,Zone B,Full-Time,Unk,,Production       ,Underground,08-07-1947,MA,Laborer,Female,47989,Hispanic,Divorced,Fully Meets,3,medium
3720,Crystal,Brandt,23-May-19,12-Sep-20,Production Technician II,Andrew Schneider,crystal.brandt@bilearner.com,PYZ,Active,Part-Time,Zone B,Full-Time,Resignation,Young risk quality natural foreign claim.,Production       ,Field Operations,18-12-1958,MA,Laborer,Female,31486,White,Single,Fully Meets,3,medium
3721,Johnny,Goodman,12-Feb-20,07-Apr-20,Production Technician I,Loretta Gonzalez,johnny.goodman@bilearner.com,NEL,Active,Full-Time,Zone B,Full-Time,Resignation,Recent agent choose dark hard eye.,Production       ,Fielders,24-03-1960,MA,Engineer,Male,24794,Black,Widowed,Fully Meets,2,low
3722,Nehemiah,Hancock,16-Feb-20,09-Jan-22,Production Technician I,Alice Key,nehemiah.hancock@bilearner.com,PL,Voluntarily Terminated,Part-Time,Zone B,Full-Time,Involuntary,Fast glass machine compare after check.,Production       ,Field Operations,31-08-1947,MA,Laborer,Male,80316,White,Married,Fully Meets,2,low
3723,Elliana,Villanueva,29-Apr-22,16-Jul-22,Production Technician I,Ryan Downs,elliana.villanueva@bilearner.com,BPC,Voluntarily Terminated,Full-Time,Zone A,Temporary,Retirement,Everyone chair white situation result.,Production       ,Wireline Construction,30-08-1972,MA,Laborer,Male,46742,Asian,Married,Fully Meets,3,medium
3724,Essence,Schwartz,10-Oct-19,30-Oct-21,Production Technician I,Alyssa Johnson,essence.schwartz@bilearner.com,CCDR,Voluntarily Terminated,Part-Time,Zone C,Temporary,Retirement,Board star job song. Hundred believe heavy.,Production       ,Field Operations,25-11-1969,MA,Laborer,Male,30194,Asian,Divorced,Fully Meets,4,high
3725,Ryker,Cox,07-Apr-19,09-Jul-23,Production Technician I,Stephanie Patterson,ryker.cox@bilearner.com,SVG,Active,Contract,Zone B,Part-Time,Voluntary,Child write help growth home.,Production       ,Aerial,21-08-1955,MA,Lineman,Male,36808,Asian,Widowed,Fully Meets,1,low
3726,Averi,Stevenson,13-Jul-20,18-Sep-21,Production Technician I,Sandra Richardson,averi.stevenson@bilearner.com,EW,Active,Contract,Zone A,Full-Time,Voluntary,Great like sea behind stock drop debate such.,Production       ,General - Con,25-07-1995,MA,Lineman,Female,36688,Other,Married,Fully Meets,4,high
3727,Katherine,Russo,26-Aug-21,,Production Technician I,Courtney Garcia,katherine.russo@bilearner.com,MSC,Active,Part-Time,Zone C,Temporary,Unk,,Production       ,Field Operations,15-01-1945,MA,Supervisor,Female,37883,Other,Divorced,Fully Meets,3,medium
3728,Aydan,Robbins,23-Dec-21,,Production Technician I,Tamara Grant,aydan.robbins@bilearner.com,TNS,Active,Contract,Zone A,Part-Time,Unk,,Production       ,Splicing,07-02-1967,MA,Laborer,Male,39843,Hispanic,Divorced,Fully Meets,5,very high
3729,Heaven,Walls,08-Dec-22,04-Jul-23,Production Technician I,Natasha Spears,heaven.walls@bilearner.com,BPC,Active,Contract,Zone B,Part-Time,Voluntary,Until reason late off training situation.,Production       ,Wireline Construction,01-01-1943,MA,Supervisor,Male,69873,Other,Divorced,Fully Meets,3,medium
3730,Bobby,Chung,18-Jan-22,,Production Technician I,Sharon Vincent,bobby.chung@bilearner.com,CCDR,Active,Contract,Zone B,Temporary,Unk,,Production       ,Fielders,08-12-1965,MA,Engineer,Male,2548,Black,Widowed,Fully Meets,4,high
3731,Maximus,Fields,28-Feb-20,14-Dec-22,Production Technician I,Kimberly Phelps,maximus.fields@bilearner.com,EW,Active,Part-Time,Zone B,Part-Time,Retirement,Along black change charge particular conference.,Production       ,Field Operations,04-07-1998,MA,Engineer,Male,73555,Hispanic,Single,Fully Meets,3,medium
3732,Orion,Ochoa,31-May-20,,Production Technician I,Charles Hoover,orion.ochoa@bilearner.com,MSC,Active,Part-Time,Zone B,Part-Time,Unk,,Production       ,Field Operations,03-07-1954,MA,Technician,Male,27650,Black,Widowed,Fully Meets,5,very high
3733,Halle,Boyd,20-Apr-20,23-Jul-22,Production Technician I,Deborah Stevens,halle.boyd@bilearner.com,NEL,Future Start,Contract,Zone C,Part-Time,Retirement,Half glass sport. Oil arm middle play lose such.,Production       ,Field Operations,15-10-1994,MA,Driver,Female,2035,Hispanic,Single,Fully Meets,3,medium
3734,Lindsey,Rocha,07-Mar-19,,Production Technician I,Melissa Alvarez,lindsey.rocha@bilearner.com,PL,Active,Full-Time,Zone C,Temporary,Unk,,Production       ,Technology / It,21-07-1964,MA,Engineer,Male,74284,White,Divorced,Fully Meets,3,medium
3735,Chace,Gray,29-May-19,,Production Technician I,Joel Nichols,chace.gray@bilearner.com,PYZ,Active,Contract,Zone C,Temporary,Unk,,Production       ,Wireless,11-07-1963,MA,Project Manager,Male,81455,White,Married,Fully Meets,1,low
3736,Carsen,Wheeler,18-Oct-20,22-Mar-23,Production Technician I,Kimberly Soto,carsen.wheeler@bilearner.com,SVG,Active,Full-Time,Zone A,Part-Time,Resignation,Democrat home space past sense serious.,Production       ,Wireline Construction,02-07-1976,MA,Laborer,Male,95345,Other,Married,Fully Meets,2,low
3737,Arielle,Escobar,19-Nov-18,,Production Technician I,John Hill,arielle.escobar@bilearner.com,TNS,Active,Part-Time,Zone B,Part-Time,Unk,,Production       ,People Services,11-12-1946,MA,Director,Male,67176,Hispanic,Divorced,Fully Meets,5,very high
3738,Kaitlynn,Blair,15-Apr-22,09-Jan-23,Production Technician II,Steven Carter,kaitlynn.blair@bilearner.com,SVG,Voluntarily Terminated,Full-Time,Zone A,Temporary,Involuntary,Partner perhaps they rock.,Production       ,General - Con,03-09-2000,MA,Lineman,Female,21015,Hispanic,Widowed,Fully Meets,3,medium
3739,Amir,Melendez,24-Aug-18,22-Mar-21,Production Technician II,Rachel Pham,amir.melendez@bilearner.com,EW,Voluntarily Terminated,Full-Time,Zone B,Temporary,Voluntary,Themselves specific seem want seek hospital.,Production       ,Field Operations,09-03-1951,MA,Tower Hand,Female,80870,Asian,Divorced,Fully Meets,3,medium
3740,Monique,Buckley,15-Oct-22,17-Feb-23,Production Technician II,Christopher Cunningham,monique.buckley@bilearner.com,MSC,Voluntarily Terminated,Full-Time,Zone C,Part-Time,Voluntary,Final like human late job.,Production       ,People Services,24-05-2001,MA,Intern,Female,12265,Other,Single,Fully Meets,4,high
3741,Clark,Blanchard,27-Feb-23,28-Mar-23,Production Technician II,Brittany Marshall,clark.blanchard@bilearner.com,TNS,Voluntarily Terminated,Full-Time,Zone A,Temporary,Voluntary,Board industry once tough investment age.,Production       ,Field Operations,14-09-1948,MA,Engineer,Female,47025,Hispanic,Widowed,Fully Meets,1,low
3742,Gabriel,Pearson,22-Sep-21,15-May-23,Production Technician II,Ryan Anderson,gabriel.pearson@bilearner.com,PYZ,Active,Contract,Zone A,Temporary,Resignation,Wait small thing staff.,Production       ,Field Operations,12-09-1981,MA,Manager,Female,81011,Asian,Married,Fully Meets,2,low
3743,Mercedes,Cook,30-May-20,,Production Technician I,Stephanie Valdez,mercedes.cook@bilearner.com,WBL,Active,Contract,Zone A,Part-Time,Unk,,Production       ,General - Con,13-09-1950,MA,Locator,Male,13394,Black,Married,Fully Meets,2,low
3744,Skyler,Blankenship,11-Sep-20,,Production Technician I,Christopher Garcia,skyler.blankenship@bilearner.com,NEL,Active,Part-Time,Zone B,Full-Time,Unk,,Production       ,Aerial,22-12-1964,MA,Lineman,Female,50967,Asian,Widowed,Fully Meets,5,very high
3745,Jordan,Davis,31-May-19,06-Oct-20,Production Technician I,Sarah Cross,jordan.davis@bilearner.com,PL,Voluntarily Terminated,Full-Time,Zone C,Full-Time,Involuntary,So give cause soldier.,Production       ,General - Con,20-07-1978,MA,Technician,Male,8286,Asian,Single,Fully Meets,4,high
3746,Bridget,Wu,13-Jul-20,,Production Technician I,Judy Lambert,bridget.wu@bilearner.com,BPC,Active,Part-Time,Zone B,Full-Time,Unk,,Production       ,Shop (Fleet),21-08-1969,MA,Mechanic,Male,68039,Black,Widowed,Fully Meets,3,medium
3747,Gabriel,Kirk,09-Sep-21,10-Feb-23,Production Technician I,Chelsea Bright,gabriel.kirk@bilearner.com,CCDR,Voluntarily Terminated,Part-Time,Zone C,Temporary,Retirement,Soon glass reveal Republican could.,Production       ,Technology / It,17-02-1944,MA,Technician,Male,56563,Black,Widowed,Fully Meets,2,low
3748,Aron,Ali,06-Apr-19,,Production Technician I,Shawn Mckay,aron.ali@bilearner.com,SVG,Active,Full-Time,Zone C,Part-Time,Unk,,Production       ,General - Con,20-08-1969,MA,Laborer,Male,96739,Other,Married,Fully Meets,1,low
3749,Kayden,Soto,16-Feb-21,,Production Technician I,Samantha Pugh,kayden.soto@bilearner.com,EW,Active,Full-Time,Zone A,Full-Time,Unk,,Production       ,Project Management - Eng,02-05-1985,MA,Planner,Female,27488,Other,Married,Fully Meets,4,high
3750,Micaela,Conner,17-Feb-20,,Production Technician I,Sheryl Curtis,micaela.conner@bilearner.com,MSC,Active,Full-Time,Zone C,Part-Time,Unk,,Production       ,Engineers,16-02-1955,MA,Engineer,Male,49299,Black,Single,Fully Meets,1,low
3751,Arthur,Mitchell,15-Oct-21,,Production Technician I,Eric Knight,arthur.mitchell@bilearner.com,TNS,Active,Contract,Zone A,Full-Time,Unk,,Production       ,Aerial,24-12-1972,MA,Model Assistant,Male,32547,Other,Single,Fully Meets,3,medium
3752,Deven,Morse,06-Jul-22,,Production Technician I,Morgan Ross,deven.morse@bilearner.com,PYZ,Active,Full-Time,Zone A,Temporary,Unk,,Production       ,Engineers,12-10-1954,MA,Engineer,Male,11664,White,Divorced,Fully Meets,2,low
3753,George,Villegas,05-Mar-19,10-Dec-20,Production Technician I,Laura Mcpherson,george.villegas@bilearner.com,WBL,Active,Part-Time,Zone B,Part-Time,Involuntary,Truth resource more week hope generation.,Production       ,Project Management - Eng,29-09-1959,MA,Planner,Male,37926,White,Single,Fully Meets,4,high
3754,Arielle,Potts,02-Jun-20,25-Jan-22,Production Technician I,Sarah Morgan,arielle.potts@bilearner.com,NEL,Active,Full-Time,Zone C,Full-Time,Voluntary,Stage necessary although they.,Production       ,Project Management - Con,31-05-1978,MA,Engineer,Male,76770,Black,Married,Fully Meets,1,low
3755,Maxwell,Howell,26-Nov-20,17-Feb-23,Production Technician I,Emily Church,maxwell.howell@bilearner.com,PL,Future Start,Full-Time,Zone C,Full-Time,Resignation,Scientist heart others employee church century.,Production       ,Executive,21-04-2001,MA,Manager,Female,72484,Black,Married,Fully Meets,4,high
3756,Junior,Bridges,24-May-21,,Production Technician I,Melissa Hernandez,junior.bridges@bilearner.com,BPC,Active,Full-Time,Zone A,Temporary,Unk,,Production       ,Field Operations,01-06-1944,MA,Driller,Female,13669,Hispanic,Married,Fully Meets,3,medium
3757,Salvatore,Noble,17-Oct-22,26-Mar-23,Production Technician I,Debra Yang,salvatore.noble@bilearner.com,CCDR,Future Start,Full-Time,Zone B,Part-Time,Involuntary,Marriage sound myself others well morning wrong.,Production       ,Aerial,28-10-1993,MA,Lineman,Male,7481,Asian,Single,Fully Meets,2,low
3758,Heath,Hodges,16-Nov-22,24-Jun-23,Production Technician I,Alejandro Palmer,heath.hodges@bilearner.com,SVG,Voluntarily Terminated,Contract,Zone A,Temporary,Retirement,Lawyer miss meet across agent.,Production       ,Engineers,20-12-1946,MA,Engineer,Male,76897,Other,Divorced,Fully Meets,3,medium
3759,Gabriella,Warner,01-May-22,25-Sep-22,Production Technician I,Emily Pugh,gabriella.warner@bilearner.com,EW,Active,Contract,Zone B,Full-Time,Retirement,Authority different including gun production.,Production       ,Yard (Material Handling),21-10-1958,MA,Laborer,Male,47326,Black,Married,Fully Meets,1,low
3760,Ryan,Tate,24-Aug-21,,Production Technician I,Sherry Morris,ryan.tate@bilearner.com,MSC,Active,Full-Time,Zone A,Part-Time,Unk,,Production       ,General - Con,12-02-1960,MA,Technician,Male,20814,Other,Widowed,Fully Meets,3,medium
3761,Hazel,Vincent,22-Jun-23,10-Jul-23,Production Technician II,Melissa Conrad,hazel.vincent@bilearner.com,CCDR,Active,Contract,Zone A,Full-Time,Involuntary,Item born upon blue.,Production       ,General - Sga,23-11-1987,MA,Assistant,Female,75880,Black,Married,Fully Meets,1,low
3762,Gavyn,Riggs,18-Jul-20,,Production Technician II,Lauren Villarreal,gavyn.riggs@bilearner.com,SVG,Active,Part-Time,Zone B,Temporary,Unk,,Production       ,Engineers,11-05-1949,MA,Engineer,Female,65366,Black,Divorced,Fully Meets,2,low
3763,Giancarlo,Cross,12-Jan-23,06-Feb-23,Production Technician II,Randall Williams,giancarlo.cross@bilearner.com,EW,Voluntarily Terminated,Full-Time,Zone B,Full-Time,Involuntary,They four last represent spend bit.,Production       ,Finance & Accounting,25-06-1950,MA,Clerk,Female,40231,White,Widowed,Fully Meets,3,medium
3764,Cristal,Bradshaw,16-Feb-22,,Production Technician II,Tiffany Stone,cristal.bradshaw@bilearner.com,MSC,Active,Full-Time,Zone B,Temporary,Unk,,Production       ,General - Sga,13-12-1995,MA,Manager,Female,41487,Black,Single,Fully Meets,3,medium
3765,Guadalupe,Burke,02-Sep-22,,Production Technician II,Eric Smith,guadalupe.burke@bilearner.com,TNS,Active,Part-Time,Zone A,Temporary,Unk,,Production       ,Yard (Material Handling),30-06-1969,MA,Runner,Female,36904,Hispanic,Widowed,Fully Meets,3,medium
3766,Elisa,Henry,02-Feb-19,03-Feb-23,Production Technician II,Taylor Morris,elisa.henry@bilearner.com,PYZ,Active,Part-Time,Zone A,Part-Time,Resignation,Common no sure wonder up although.,Production       ,Yard (Material Handling),10-03-1943,MA,Manager,Female,10110,Black,Widowed,Fully Meets,3,medium
3767,Kale,Fischer,26-Aug-21,05-Sep-22,Production Technician I,Zachary Nelson,kale.fischer@bilearner.com,TNS,Voluntarily Terminated,Full-Time,Zone B,Part-Time,Retirement,Actually on Democrat down live base should.,Production       ,General - Con,07-03-1993,MA,Laborer,Female,46087,Black,Divorced,Fully Meets,2,low
3768,Morgan,Blackwell,31-Dec-20,,Production Technician I,David Garcia,morgan.blackwell@bilearner.com,SVG,Active,Contract,Zone B,Full-Time,Unk,,Production       ,Catv,30-05-1991,MA,Foreman,Female,37838,Black,Divorced,Fully Meets,4,high
3769,Ivan,Wright,12-Dec-20,,Production Technician I,Laura Chavez,ivan.wright@bilearner.com,PYZ,Active,Full-Time,Zone A,Full-Time,Unk,,Production       ,Fielders,21-11-1952,MA,Engineer,Male,15968,Asian,Married,Fully Meets,3,medium
3770,Nayeli,Hood,13-Jan-22,11-Apr-23,Production Technician I,Rachel Jones,nayeli.hood@bilearner.com,PL,Voluntarily Terminated,Contract,Zone B,Temporary,Involuntary,Land physical tax.,Production       ,Aerial,26-01-1995,MA,Lineman,Male,21100,Asian,Married,Fully Meets,3,medium
3771,Marilyn,Smith,24-Jan-21,07-May-23,Production Technician I,Kathryn Jones,marilyn.smith@bilearner.com,NEL,Voluntarily Terminated,Part-Time,Zone B,Temporary,Retirement,Catch issue water night recognize mention.,Production       ,General - Con,20-09-1981,MA,Foreman,Male,65845,Asian,Married,Fully Meets,3,medium
3772,Zoie,Rowland,08-Feb-22,22-Jul-22,Production Technician I,Mrs. Rachel Henry,zoie.rowland@bilearner.com,MSC,Active,Full-Time,Zone A,Temporary,Retirement,Side most force better region operation language.,Production       ,Engineers,05-02-1966,MA,Engineer,Female,58535,Asian,Divorced,Fully Meets,3,medium
3773,Ann,Nguyen,11-Oct-20,26-Feb-22,Production Technician I,Laura Hernandez,ann.nguyen@bilearner.com,EW,Voluntarily Terminated,Part-Time,Zone A,Temporary,Retirement,Building possible too process do.,Production       ,Engineers,16-05-1972,MA,Engineer,Female,3994,Hispanic,Divorced,Fully Meets,3,medium
3774,Ramiro,Savage,20-Jun-19,13-Oct-21,Production Technician I,Justin Stanley,ramiro.savage@bilearner.com,CCDR,Active,Part-Time,Zone B,Full-Time,Involuntary,Success realize political move adult new.,Production       ,Engineers,06-04-1998,MA,Engineer,Male,32544,Black,Single,Fully Meets,3,medium
3775,Karma,Koch,13-Jul-21,26-Nov-22,Production Technician I,Amy Ross,karma.koch@bilearner.com,BPC,Active,Contract,Zone B,Part-Time,Resignation,Agency picture enjoy pattern since and piece.,Production       ,Field Operations,15-10-1980,MA,Laborer,Male,36153,Other,Widowed,Fully Meets,3,medium
3776,Jacqueline,Hendrix,14-Oct-21,30-Oct-21,Production Technician I,Benjamin Yates,jacqueline.hendrix@bilearner.com,WBL,Active,Contract,Zone A,Full-Time,Resignation,Goal someone serious myself way probably.,Production       ,General - Eng,28-04-1980,MA,Administrative,Male,34262,Black,Married,Fully Meets,3,medium
3777,Kaitlin,Barker,09-Nov-21,,Production Technician I,Penny Estrada,kaitlin.barker@bilearner.com,TNS,Active,Contract,Zone C,Temporary,Unk,,Production       ,Aerial,21-03-1966,MA,Lineman,Male,12906,Black,Single,Fully Meets,3,medium
3778,Semaj,Griffith,02-Apr-23,27-Jul-23,Production Technician I,Frank Freeman,semaj.griffith@bilearner.com,SVG,Active,Full-Time,Zone A,Full-Time,Involuntary,Similar computer less four.,Production       ,Wireline Construction,09-02-1992,MA,Groundman,Male,30753,Other,Married,Fully Meets,3,medium
3779,Damian,Burke,19-Oct-22,03-May-23,Production Technician I,Regina Bryant MD,damian.burke@bilearner.com,PYZ,Future Start,Part-Time,Zone B,Temporary,Voluntary,About allow court us.,Production       ,Shop (Fleet),28-04-1963,MA,Technician,Female,60533,Other,Divorced,Fully Meets,3,medium
3780,Jessie,Smith,09-May-20,14-Sep-21,Production Technician I,Samantha Roberts,jessie.smith@bilearner.com,PL,Future Start,Part-Time,Zone C,Part-Time,Retirement,Everything look could economy PM fast.,Production       ,General - Con,16-11-1945,MA,Technician,Female,36882,Black,Widowed,Fully Meets,3,medium
3781,Hezekiah,Cummings,18-Aug-19,05-May-22,Production Technician I,Daniel Peterson,hezekiah.cummings@bilearner.com,NEL,Future Start,Contract,Zone B,Full-Time,Involuntary,Hot stay response fly himself accept.,Production       ,General - Con,23-01-1960,MA,Laborer,Male,62493,Black,Single,Fully Meets,3,medium
3782,Brody,House,09-Mar-19,02-May-20,Production Technician I,Dr. Matthew Harrell,brody.house@bilearner.com,MSC,Voluntarily Terminated,Full-Time,Zone B,Temporary,Retirement,Blood people direction all item.,Production       ,Field Operations,25-09-1984,MA,Driver,Male,92706,Asian,Widowed,Fully Meets,3,medium
3783,Aaliyah,Watts,09-May-20,,Production Technician I,Jared Whitehead,aaliyah.watts@bilearner.com,EW,Active,Contract,Zone A,Full-Time,Unk,,Production       ,Fielders,11-04-1962,MA,Engineer,Male,7773,Asian,Divorced,Fully Meets,3,medium
3784,Ashton,Larsen,14-Aug-22,,Production Technician I,William Price,ashton.larsen@bilearner.com,CCDR,Active,Contract,Zone A,Temporary,Unk,,Production       ,Splicing,14-03-1998,MA,Supervisor,Female,55514,White,Single,Fully Meets,3,medium
3785,Joshua,Gibson,18-Jan-22,,Production Technician II,Sheri Jackson,joshua.gibson@bilearner.com,PL,Active,Contract,Zone C,Temporary,Unk,,Production       ,Project Management - Con,20-10-1977,MA,Director,Female,13406,Black,Divorced,Fully Meets,3,medium
3786,Kyleigh,Bauer,22-Jun-21,26-Jul-22,Production Technician II,Paul Richards,kyleigh.bauer@bilearner.com,PYZ,Voluntarily Terminated,Full-Time,Zone A,Part-Time,Resignation,Cost high must body defense population.,Production       ,Field Operations,10-06-1962,MA,Technician,Female,65379,Black,Divorced,Fully Meets,3,medium
3787,Ramon,Schultz,19-Jan-23,20-Jun-23,Production Technician II,Alexis Gutierrez,ramon.schultz@bilearner.com,SVG,Voluntarily Terminated,Full-Time,Zone C,Part-Time,Resignation,Peace anything sign third.,Production       ,General - Sga,29-08-1972,MA,Supervisor,Female,69445,White,Widowed,Fully Meets,3,medium
3788,Maxim,Houston,17-May-23,13-Jun-23,Production Technician II,Michael Mcclure,maxim.houston@bilearner.com,TNS,Voluntarily Terminated,Part-Time,Zone A,Full-Time,Involuntary,In read day your stay she.,Production       ,Field Operations,06-09-1976,MA,Foreman,Female,32440,Black,Married,Fully Meets,3,medium
3789,Deanna,Sellers,07-Jun-20,,Production Technician II,Randall Frey,deanna.sellers@bilearner.com,WBL,Active,Contract,Zone A,Part-Time,Unk,,Production       ,Wireline Construction,25-05-1977,MA,Foreman,Female,30804,Other,Widowed,Fully Meets,3,medium
3790,Frankie,Figueroa,07-Jul-23,11-Jul-23,Production Technician II,Matthew Le,frankie.figueroa@bilearner.com,PYZ,Active,Full-Time,Zone A,Temporary,Resignation,Simply Mrs moment seven feel time.,Production       ,Yard (Material Handling),11-12-1962,MA,Laborer,Female,17247,Hispanic,Single,Fully Meets,3,medium
3791,Bentley,Rush,28-Mar-20,,Production Technician I,Ashley Petty,bentley.rush@bilearner.com,WBL,Active,Full-Time,Zone B,Full-Time,Unk,,Production       ,Finance & Accounting,02-02-1978,MA,Administration,Female,32417,Asian,Divorced,Fully Meets,3,medium
3792,Alexia,Pham,23-May-19,10-May-22,Production Technician I,Angela Shaffer,alexia.pham@bilearner.com,NEL,Active,Part-Time,Zone C,Full-Time,Retirement,Analysis listen here fight.,Production       ,Engineers,08-06-1998,MA,Engineer,Male,50738,White,Married,Fully Meets,3,medium
3793,Roselyn,Roberts,20-Apr-19,,Production Technician I,Steven Walton,roselyn.roberts@bilearner.com,PL,Active,Full-Time,Zone B,Full-Time,Unk,,Production       ,General - Con,15-01-1952,MA,Manager,Male,34278,Asian,Married,Fully Meets,3,medium
3794,Ayden,Chambers,09-Sep-18,,Production Technician I,Abigail Robinson,ayden.chambers@bilearner.com,BPC,Active,Contract,Zone A,Full-Time,Unk,,Production       ,General - Con,20-01-1996,MA,Foreman,Male,40836,Asian,Widowed,Fully Meets,5,very high
3795,Kaitlynn,Serrano,14-Jul-22,,Production Technician I,Brandi Howell,kaitlynn.serrano@bilearner.com,CCDR,Active,Part-Time,Zone A,Part-Time,Unk,,Production       ,General - Sga,01-08-1989,MA,Manager,Male,59081,White,Divorced,Exceeds,3,medium
3796,Jefferson,White,17-Apr-19,02-Dec-21,Production Technician I,Connie Blackburn,jefferson.white@bilearner.com,SVG,Active,Contract,Zone A,Part-Time,Resignation,Better above culture throughout life me.,Production       ,General - Con,27-08-1964,MA,Laborer,Female,82019,Hispanic,Married,Exceeds,3,medium
3797,Maria,Grant,15-May-20,,Production Technician I,Connie Martinez,maria.grant@bilearner.com,EW,Active,Contract,Zone A,Full-Time,Unk,,Production       ,Catv,26-06-1975,MA,Splicer,Female,32969,Black,Married,Fully Meets,3,medium
3798,Bryanna,Ibarra,04-Apr-20,04-Jul-23,Production Technician I,Cheryl Martinez,bryanna.ibarra@bilearner.com,MSC,Active,Full-Time,Zone C,Full-Time,Voluntary,Town impact science learn break talk.,Production       ,General - Con,21-12-1961,MA,Lineman,Male,36648,Other,Widowed,Fully Meets,3,medium
3799,Sophie,Zavala,15-Oct-22,,Production Technician I,Ryan Carlson,sophie.zavala@bilearner.com,TNS,Active,Full-Time,Zone A,Temporary,Unk,,Production       ,Executive,24-11-1964,MA,Director,Male,95984,Hispanic,Single,Exceeds,3,medium
3800,Amya,Grant,11-Jul-19,,Production Technician I,Jamie Henderson,amya.grant@bilearner.com,PYZ,Active,Contract,Zone C,Part-Time,Unk,,Production       ,General - Sga,09-12-1950,MA,Administrator,Male,31864,Other,Married,Fully Meets,3,medium
3801,Jaydan,Neal,02-Oct-19,,Production Technician I,Jamie Stark,jaydan.neal@bilearner.com,WBL,Active,Contract,Zone C,Temporary,Unk,,Production       ,Field Operations,18-01-1948,MA,Laborer,Female,54738,Hispanic,Single,Fully Meets,3,medium
3802,Amiyah,Ramirez,04-Mar-21,,Production Technician I,Michael Andrade,amiyah.ramirez@bilearner.com,NEL,Active,Full-Time,Zone A,Full-Time,Unk,,Production       ,Field Operations,28-03-1947,MA,Project Manager,Male,65896,White,Divorced,Fully Meets,3,medium
3803,Kai,Holt,10-Feb-21,01-Jan-22,Production Technician I,Jason Haley,kai.holt@bilearner.com,PL,Future Start,Contract,Zone B,Full-Time,Resignation,Cup arm drug place level table staff.,Production       ,Field Operations,12-05-1985,MA,Tower Hand,Female,35618,Black,Single,Fully Meets,3,medium
3804,Brendon,Wilson,15-May-19,,Production Technician I,Virginia Short,brendon.wilson@bilearner.com,BPC,Active,Full-Time,Zone C,Part-Time,Unk,,Production       ,General - Con,26-09-1978,MA,Lineman,Female,17561,Hispanic,Single,Fully Meets,3,medium
3805,Nancy,Short,28-Apr-22,,Production Technician I,Heather Bell,nancy.short@bilearner.com,CCDR,Active,Full-Time,Zone B,Part-Time,Unk,,Production       ,General - Con,23-04-1982,MA,Mechanic,Male,13779,Other,Divorced,Fully Meets,3,medium
3806,Isabella,Wilkins,23-Sep-21,01-Jul-23,Production Technician I,Maria Obrien,isabella.wilkins@bilearner.com,SVG,Active,Contract,Zone C,Temporary,Resignation,Everybody list to. Green best stock yes happen.,Production       ,Field Operations,01-09-1974,MA,Groundman,Male,31026,Other,Married,Fully Meets,3,medium
3807,Mayra,Moss,15-Sep-21,10-Nov-21,Production Technician I,George Doyle,mayra.moss@bilearner.com,EW,Active,Contract,Zone C,Temporary,Resignation,Family identify bar modern. Yeah article rest.,Production       ,Project Management - Con,16-05-1964,MA,Manager,Male,84074,Asian,Single,Fully Meets,3,medium
3808,Maria,Gonzalez,27-Apr-19,20-Mar-20,IT Support,Jason Miller,maria.gonzalez@bilearner.com,PYZ,Active,Contract,Zone B,Full-Time,Resignation,Address control day. Election safe free capital.,IT/IS,General - Sga,16-01-1948,MA,Administrator,Female,2472,White,Widowed,Fully Meets,3,medium
3809,Jumil,Turpin,06-Oct-19,23-Aug-20,Network Engineer,Raymond Bird,jumil.turpin@bilearner.com,TNS,Active,Part-Time,Zone B,Part-Time,Resignation,Somebody arm memory pull word.,IT/IS,Field Operations,20-01-2001,MA,Foreman,Male,2343,Hispanic,Single,Fully Meets,3,medium
3810,Ann,Daniele,16-Feb-20,,Sr. Network Engineer,Thomas Wilson,ann.daniele@bilearner.com,PL,Active,Full-Time,Zone A,Temporary,Unk,,IT/IS,General - Sga,10-10-1959,CT,Administrator,Female,6033,Black,Single,Fully Meets,3,medium
3811,Joe,South,14-May-22,21-Oct-22,Sr. Network Engineer,Robin Wilson,joe.south@bilearner.com,PL,Active,Part-Time,Zone B,Temporary,Involuntary,Back prove second tax air.,IT/IS,Fielders,11-03-1958,CT,Engineer,Male,6278,Hispanic,Widowed,Fully Meets,3,medium
3812,Sarah,Warfield,13-Feb-19,06-Aug-20,Sr. Network Engineer,Julie Lewis,sarah.warfield@bilearner.com,BPC,Active,Contract,Zone B,Full-Time,Resignation,Center west table security.,IT/IS,General - Eng,24-05-1985,MA,Administrative,Female,2453,Hispanic,Single,Fully Meets,3,medium
3813,Alejandro,Bacong,24-Aug-22,,IT Support,Joseph Mathews,alejandro.bacong@bilearner.com,SVG,Active,Part-Time,Zone A,Part-Time,Unk,,IT/IS,Engineers,25-02-1955,MA,Engineer,Male,1886,Hispanic,Widowed,Fully Meets,3,medium
3814,Jyoti,Lajiri,07-Jan-19,05-Sep-20,Sr. Network Engineer,Karen Crawford,jyoti.lajiri@bilearner.com,EW,Leave of Absence,Part-Time,Zone C,Full-Time,Retirement,Short quality fall name get science throughout.,IT/IS,Engineers,17-04-1955,MA,Coordinator,Male,2169,Black,Widowed,Fully Meets,3,medium
3815,Neville,Tredinnick,26-Mar-21,,Network Engineer,Mary Mcmillan,neville.tredinnick@bilearner.com,SVG,Active,Contract,Zone C,Part-Time,Unk,,IT/IS,Project Management - Con,26-05-1984,MA,Coordinator,Male,1420,White,Divorced,Fully Meets,3,medium
3816,Anthony,Cisco,01-May-21,,IT Support,Kyle Adams,anthony.cisco@bilearner.com,WBL,Active,Full-Time,Zone A,Temporary,Unk,,IT/IS,Field Operations,10-08-1956,MA,Technician,Male,2135,Hispanic,Single,Fully Meets,3,medium
3817,Linda,Dolan,10-Oct-21,21-Jan-23,IT Support,Jamie Baker,linda.dolan@bilearner.com,CCDR,Active,Part-Time,Zone A,Full-Time,Resignation,Firm national vote result.,IT/IS,General - Con,01-01-1978,MA,Technician,Female,2119,Black,Single,Needs Improvement,3,medium
3818,Carlos,Merlos,02-Jan-20,03-Apr-22,Network Engineer,Daniel White,carlos.merlos@bilearner.com,CCDR,Active,Part-Time,Zone A,Part-Time,Voluntary,Car book street pull try brother.,IT/IS,Wireless,15-06-1950,MA,Technician,Male,2138,Asian,Single,Fully Meets,3,medium
3819,Tanya,Morway,20-Jan-20,,Network Engineer,William Johnson,tanya.morway@bilearner.com,MSC,Active,Full-Time,Zone B,Part-Time,Unk,,IT/IS,Aerial,26-11-1957,MA,Foreman,Female,2048,Asian,Single,Fully Meets,3,medium
3820,Anita,Shepard,11-Aug-18,21-May-21,Network Engineer,George Tran,anita.shepard@bilearner.com,EW,Active,Contract,Zone C,Full-Time,Voluntary,Pattern son memory power citizen personal unit.,IT/IS,General - Con,29-09-1976,MA,Foreman,Female,1773,Other,Divorced,Fully Meets,3,medium
3821,Jeremiah,Semizoglou,18-Dec-21,,Sr. Network Engineer,Jonathan Knight,jeremiah.semizoglou@bilearner.com,TNS,Active,Contract,Zone A,Temporary,Unk,,IT/IS,Field Operations,03-04-1981,MA,Manager,Male,1545,White,Single,Fully Meets,3,medium
3822,Katrina,Lambert,24-Sep-19,04-Apr-22,Network Engineer,Calvin Williamson,katrina.lambert@bilearner.com,WBL,Active,Full-Time,Zone B,Part-Time,Retirement,Nice sit hotel doctor.,Executive Office,General - Con,18-09-1975,MA,Technician,Male,56727,Hispanic,Divorced,Fully Meets,3,medium
3823,Alexzander,Pope,17-Oct-22,26-Jun-23,Network Engineer,David Rodriguez,alexzander.pope@bilearner.com,TNS,Active,Full-Time,Zone A,Temporary,Involuntary,Word once speech mind.,Executive Office,Shop (Fleet),24-08-1987,MA,Supervisor,Male,12469,White,Single,Needs Improvement,3,medium
3824,Derek,Holmes,07-Jan-20,,IT Support,Carolyn Richards,derek.holmes@bilearner.com,SVG,Active,Contract,Zone C,Full-Time,Unk,,IT/IS,General - Sga,21-11-1948,MA,Administrator,Male,83312,Black,Single,Fully Meets,3,medium
3825,Danika,Deleon,05-Nov-22,,IT Support,Karen York,danika.deleon@bilearner.com,PYZ,Active,Full-Time,Zone A,Part-Time,Unk,,IT/IS,Field Operations,23-05-1998,MA,Tower Hand,Male,97413,Black,Married,Fully Meets,3,medium
3826,Sabrina,Durham,26-Apr-23,03-Jun-23,IT Support,Jessica Hernandez,sabrina.durham@bilearner.com,PL,Active,Part-Time,Zone B,Full-Time,Resignation,Part officer father last trouble field.,IT/IS,Field Operations,11-04-2001,MA,Laborer,Male,21759,Asian,Divorced,Fully Meets,3,medium
3827,Frankie,Carrillo,29-May-19,,IT Support,Dana Ballard,frankie.carrillo@bilearner.com,NEL,Active,Part-Time,Zone B,Part-Time,Unk,,IT/IS,General - Eng,24-09-1992,MA,Engineer,Male,79707,Asian,Widowed,Fully Meets,3,medium
3828,Quintin,Solomon,12-Sep-19,,Sr. Network Engineer,Charles Duncan,quintin.solomon@bilearner.com,PL,Active,Part-Time,Zone A,Full-Time,Unk,,IT/IS,Aerial,28-10-1990,MA,Lineman,Male,84152,Black,Divorced,Fully Meets,3,medium
3829,Jaqueline,Pittman,27-Jan-19,26-Feb-21,Sr. Network Engineer,Jesse Newman,jaqueline.pittman@bilearner.com,BPC,Active,Part-Time,Zone C,Full-Time,Resignation,Suffer rock nothing happen strong major spend.,IT/IS,Project Management - Con,12-03-1956,MA,Manager,Male,55408,Other,Married,Exceeds,3,medium
3830,Mariana,Glass,20-Aug-19,,Principal Data Architect,David Zavala,mariana.glass@bilearner.com,CCDR,Active,Part-Time,Zone C,Temporary,Unk,,IT/IS,Field Operations,30-05-1947,CT,Tower Hand,Male,89892,White,Widowed,PIP,3,medium
3831,Payton,Cross,14-Sep-18,,Enterprise Architect,John Holt,payton.cross@bilearner.com,SVG,Active,Part-Time,Zone C,Part-Time,Unk,,IT/IS,Field Operations,07-03-1950,CT,Laborer,Female,16260,Hispanic,Divorced,Needs Improvement,3,medium
3832,Sloane,Rasmussen,02-Aug-21,29-Sep-22,Sr. DBA,Melinda Mcintyre,sloane.rasmussen@bilearner.com,EW,Leave of Absence,Full-Time,Zone B,Part-Time,Resignation,Lead throw others.,IT/IS,Project Management - Eng,07-09-1964,MA,Planner,Female,96097,Hispanic,Widowed,PIP,3,medium
3833,Elise,Vazquez,26-Jan-22,02-Nov-22,Network Engineer,Melissa Baker,elise.vazquez@bilearner.com,PYZ,Active,Full-Time,Zone A,Part-Time,Retirement,Partner discover size agency alone.,Executive Office,Field Operations,12-05-1953,MA,Top Hand,Male,21738,Asian,Single,PIP,3,medium
3834,Monique,Pierce,10-May-19,05-Aug-21,Network Engineer,Gregory Coleman,monique.pierce@bilearner.com,WBL,Active,Contract,Zone C,Part-Time,Involuntary,Participant candidate wonder growth agree.,Executive Office,Field Operations,11-07-1961,MA,Technician,Male,40039,Hispanic,Married,Fully Meets,3,medium
3835,Axel,Higgins,02-Jan-19,06-Dec-22,IT Support,Paul Smith,axel.higgins@bilearner.com,NEL,Active,Part-Time,Zone B,Part-Time,Resignation,Try crime reach magazine their grow feeling.,IT/IS,Yard (Material Handling),11-10-1993,MA,Associate,Male,45952,Hispanic,Divorced,Fully Meets,3,medium
3836,Marcos,Petty,13-Aug-21,,IT Support,Heather Farmer,marcos.petty@bilearner.com,PL,Active,Contract,Zone A,Temporary,Unk,,IT/IS,General - Con,12-01-1946,MA,Technician,Male,9738,Black,Single,Fully Meets,3,medium
3837,Mia,Cowan,02-Oct-22,13-Nov-22,IT Support,Thomas Weaver,mia.cowan@bilearner.com,BPC,Active,Part-Time,Zone A,Part-Time,Resignation,Often my different just.,IT/IS,Finance & Accounting,27-08-1956,MA,Administrative,Male,72879,Other,Single,PIP,3,medium
3838,Tanya,Leonard,17-Dec-18,21-Apr-21,IT Support,Duane Le,tanya.leonard@bilearner.com,CCDR,Active,Part-Time,Zone A,Full-Time,Voluntary,Race state time lose.,IT/IS,Field Operations,14-08-1979,MA,Assistant,Female,28364,Asian,Single,PIP,3,medium
3839,Dereon,Page,11-Oct-21,,Sr. Network Engineer,Jason Morris DVM,dereon.page@bilearner.com,PL,Active,Contract,Zone B,Part-Time,Unk,,IT/IS,General - Con,27-09-2000,MA,Lineman,Male,94433,Hispanic,Divorced,PIP,3,medium
3840,Meadow,Boyer,01-Apr-23,18-May-23,Sr. Network Engineer,Alex Lewis,meadow.boyer@bilearner.com,BPC,Active,Part-Time,Zone B,Full-Time,Voluntary,Item type author pick set read style.,IT/IS,Field Operations,25-10-1969,MA,Foreman,Male,97654,Hispanic,Single,Fully Meets,3,medium
3841,Paris,Simpson,20-Mar-21,,Principal Data Architect,Kevin Gross,paris.simpson@bilearner.com,CCDR,Active,Full-Time,Zone C,Full-Time,Unk,,IT/IS,Wireline Construction,17-06-1970,CT,Laborer,Male,78239,Asian,Single,Fully Meets,3,medium
3842,Kyla,Durham,20-Aug-20,11-Aug-21,Enterprise Architect,Clayton Robertson,kyla.durham@bilearner.com,SVG,Leave of Absence,Part-Time,Zone B,Part-Time,Involuntary,Visit lawyer interesting.,IT/IS,Aerial,19-07-1951,MA,Lineman,Female,40402,White,Divorced,Fully Meets,3,medium
3843,Cassidy,Maddox,16-Jul-23,30-Jul-23,Sr. DBA,Melissa Pineda,cassidy.maddox@bilearner.com,EW,Leave of Absence,Full-Time,Zone C,Full-Time,Resignation,Place field everyone yourself.,IT/IS,Engineers,07-02-1977,MA,Engineer,Female,21480,Asian,Single,Fully Meets,3,medium
3844,Edgar,Underwood,10-Jun-21,18-Aug-22,Network Engineer,Melissa Torres,edgar.underwood@bilearner.com,PYZ,Active,Part-Time,Zone C,Temporary,Voluntary,Church happen network dog kid thought.,Executive Office,General - Con,02-06-1961,MA,Laborer,Male,49677,White,Single,PIP,3,medium
3845,Jaiden,Underwood,25-Aug-19,,Network Engineer,Jordan Caldwell,jaiden.underwood@bilearner.com,WBL,Active,Contract,Zone A,Full-Time,Unk,,Executive Office,Field Operations,10-08-1969,MA,Laborer,Male,69726,Hispanic,Single,PIP,3,medium
3846,Eugene,Potts,04-May-20,15-May-23,IT Support,Anthony Neal,eugene.potts@bilearner.com,NEL,Active,Contract,Zone C,Full-Time,Retirement,Fall often enjoy once house card something.,IT/IS,Wireline Construction,10-08-1975,MA,Driver,Male,44664,Asian,Single,Fully Meets,3,medium
3847,Gilbert,Klein,24-Feb-19,11-Jun-20,IT Support,Gregory Rodriguez,gilbert.klein@bilearner.com,PL,Active,Part-Time,Zone B,Temporary,Retirement,Indeed compare I since possible something.,IT/IS,Field Operations,06-09-1998,MA,Laborer,Male,53800,Hispanic,Single,Fully Meets,3,medium
3848,Nathaly,Huffman,24-Sep-19,,IT Support,John Gordon,nathaly.huffman@bilearner.com,BPC,Active,Full-Time,Zone C,Temporary,Unk,,IT/IS,Field Operations,18-08-1996,MA,Technician,Male,69459,Asian,Married,Fully Meets,3,medium
3849,Nancy,Clay,13-Feb-21,,IT Support,Darryl Vargas,nancy.clay@bilearner.com,CCDR,Active,Contract,Zone A,Part-Time,Unk,,IT/IS,General - Con,21-01-1979,MA,Foreman,Female,78801,White,Widowed,Fully Meets,3,medium
3850,Kylie,Cantrell,05-Jan-20,25-Apr-22,Sr. Network Engineer,Cheryl Cook,kylie.cantrell@bilearner.com,MSC,Active,Part-Time,Zone B,Temporary,Voluntary,Gas likely father read individual fly serve.,IT/IS,Yard (Material Handling),17-08-1953,MA,Administration,Male,77264,Hispanic,Single,Fully Meets,3,medium
3851,Vance,Marquez,18-Jan-19,30-Mar-20,Sr. Network Engineer,Thomas Hanson,vance.marquez@bilearner.com,NEL,Leave of Absence,Contract,Zone C,Temporary,Resignation,Law particularly paper friend.,IT/IS,Executive,07-07-1994,CT,Manager,Male,38058,Black,Married,PIP,3,medium
3852,Dante,Wyatt,01-Mar-19,25-Sep-21,Principal Data Architect,Dr. Eric Henderson,dante.wyatt@bilearner.com,PL,Leave of Absence,Part-Time,Zone A,Temporary,Retirement,Modern fight pattern.,IT/IS,Field Operations,10-09-1987,CT,Laborer,Female,34011,White,Widowed,PIP,3,medium
3853,Rey,Monroe,14-Aug-21,05-Nov-22,Enterprise Architect,James Horn,rey.monroe@bilearner.com,PYZ,Leave of Absence,Full-Time,Zone A,Temporary,Resignation,Rule yes maintain treatment.,IT/IS,General - Con,18-07-1983,MA,Operator,Female,56198,Asian,Single,Fully Meets,3,medium
3854,Jayden,Mckee,06-Jun-19,05-Sep-19,Network Engineer,Matthew Miranda,jayden.mckee@bilearner.com,WBL,Active,Part-Time,Zone B,Temporary,Retirement,Area card test push day effect.,Executive Office,Technology / It,24-01-1942,MA,Manager,Male,72343,Black,Single,Fully Meets,3,medium
3855,Brady,Yoder,25-May-21,13-Aug-22,Network Engineer,Jason Patel,brady.yoder@bilearner.com,WBL,Active,Part-Time,Zone B,Part-Time,Retirement,Case try necessary test. Full today TV bit year.,Executive Office,People Services,01-10-1999,MA,Accountant,Male,77314,Other,Widowed,Fully Meets,3,medium
3856,Darwin,Allen,17-Mar-23,12-Jun-23,Network Engineer,Michael Young,darwin.allen@bilearner.com,TNS,Active,Part-Time,Zone C,Part-Time,Involuntary,Stand cut knowledge staff course than class.,Executive Office,Wireline Construction,17-05-1994,MA,Groundman,Male,57170,Other,Divorced,PIP,3,medium
3857,Jasper,Harrison,02-Oct-22,11-Oct-22,IT Support,Lindsey Osborne,jasper.harrison@bilearner.com,SVG,Active,Contract,Zone B,Temporary,Voluntary,Forget budget now window.,IT/IS,Fielders,24-05-1963,MA,Engineer,Male,18837,Black,Widowed,PIP,3,medium
3858,Bailey,Humphrey,22-Jan-22,,IT Support,Gerald Yu,bailey.humphrey@bilearner.com,PYZ,Active,Full-Time,Zone B,Full-Time,Unk,,IT/IS,Engineers,02-07-1951,MA,Technician,Male,90580,Other,Married,Fully Meets,3,medium
3859,Clare,English,29-Nov-19,18-Aug-22,IT Support,Randall Keller,clare.english@bilearner.com,PL,Active,Full-Time,Zone B,Part-Time,Voluntary,Conference feeling notice military.,IT/IS,Fielders,20-04-1992,MA,Engineer,Female,70282,Hispanic,Married,PIP,3,medium
3860,Amy,Sherman,01-Jul-20,22-Sep-22,IT Support,Ricky Banks,amy.sherman@bilearner.com,NEL,Active,Contract,Zone B,Temporary,Resignation,A matter seven second professor.,IT/IS,Catv,04-01-1996,MA,Lineman,Female,86329,Asian,Single,Fully Meets,3,medium
3861,Lizbeth,Hunt,24-Mar-22,,Sr. Network Engineer,Jessica Figueroa,lizbeth.hunt@bilearner.com,PL,Active,Full-Time,Zone C,Part-Time,Unk,,IT/IS,General - Con,25-02-1965,MA,Flagger,Male,70757,Other,Widowed,PIP,3,medium
3862,Eden,Armstrong,13-May-19,06-Jun-23,Sr. Network Engineer,Lindsey Gibson,eden.armstrong@bilearner.com,BPC,Leave of Absence,Part-Time,Zone B,Temporary,Involuntary,Contain result down realize employee image in.,IT/IS,Project Management - Con,05-05-1989,CT,Engineer,Male,58224,White,Married,PIP,3,medium
3863,Eugene,Mueller,07-Jun-19,,Principal Data Architect,Jeremy Hanson,eugene.mueller@bilearner.com,CCDR,Active,Contract,Zone A,Temporary,Unk,,IT/IS,Aerial,19-03-1972,MA,Technician,Female,38413,Other,Single,PIP,3,medium
3864,Tiffany,Washington,05-Dec-22,13-Jun-23,Enterprise Architect,David Chung,tiffany.washington@bilearner.com,SVG,Leave of Absence,Contract,Zone A,Full-Time,Resignation,Sort blue time total.,IT/IS,Aerial,27-04-1969,MA,Laborer,Female,32977,Other,Married,Needs Improvement,3,medium
3865,Sloane,Moss,29-Sep-20,22-Oct-21,Network Engineer,Jacob Russo,sloane.moss@bilearner.com,MSC,Active,Part-Time,Zone C,Temporary,Involuntary,Me husband about special within.,Production       ,Sales & Marketing,03-10-1963,MA,Vp,Male,9209,Asian,Single,Needs Improvement,3,medium
3866,Kaeden,Vargas,04-Sep-20,17-Apr-21,Network Engineer,Harold Lee,kaeden.vargas@bilearner.com,TNS,Active,Contract,Zone A,Full-Time,Retirement,First bed red in.,Executive Office,Field Operations,09-11-1959,MA,Technician,Male,58737,Other,Divorced,Fully Meets,3,medium
3867,Lena,Sandoval,26-Aug-18,,Network Engineer,Heather Hill,lena.sandoval@bilearner.com,PYZ,Active,Part-Time,Zone B,Full-Time,Unk,,Executive Office,Catv,21-10-1986,MA,Clerk,Male,5363,Other,Widowed,Fully Meets,3,medium
3868,Adrien,Olsen,17-Aug-19,,Network Engineer,Jasmine Smith,adrien.olsen@bilearner.com,WBL,Active,Contract,Zone A,Part-Time,Unk,,IT/IS,Finance & Accounting,23-03-2000,MA,Administrative,Male,51175,Hispanic,Widowed,Fully Meets,3,medium
3869,Damari,Brewer,25-Sep-19,07-Feb-20,IT Support,Shawn Martin,damari.brewer@bilearner.com,NEL,Active,Full-Time,Zone A,Temporary,Voluntary,Investment radio bring who. Big move rise return.,IT/IS,Field Operations,10-06-1977,MA,Drafter,Male,49132,Hispanic,Divorced,Fully Meets,3,medium
3870,Annalise,Gross,11-Mar-23,11-Mar-23,IT Support,Mr. Todd Lawson,annalise.gross@bilearner.com,PL,Active,Contract,Zone B,Temporary,Resignation,Capital economy while notice this nice.,IT/IS,Project Management - Con,23-11-1966,MA,Laborer,Male,64853,Asian,Single,Fully Meets,3,medium
3871,Kamari,Mcgrath,15-Dec-22,,IT Support,Laura Sanchez,kamari.mcgrath@bilearner.com,BPC,Active,Full-Time,Zone B,Full-Time,Unk,,IT/IS,General - Con,05-06-1971,MA,Lineman,Female,39859,White,Widowed,Fully Meets,3,medium
3872,Lorena,Rice,10-Aug-18,08-Feb-21,IT Support,Jeffrey Ramos,lorena.rice@bilearner.com,CCDR,Active,Contract,Zone B,Part-Time,Resignation,Four yourself strong give focus meeting.,IT/IS,Engineers,08-01-1966,MA,Director,Female,48135,Asian,Single,Fully Meets,3,medium
3873,Eliezer,Stokes,04-Mar-22,22-Jun-23,Sr. Network Engineer,Patricia Johnson,eliezer.stokes@bilearner.com,NEL,Active,Full-Time,Zone B,Part-Time,Resignation,Up reason question past attention.,IT/IS,Executive,27-10-1972,MA,General Manager,Male,41066,Hispanic,Widowed,Fully Meets,3,medium
3874,Aspen,Reyes,02-Jun-20,,Sr. Network Engineer,Brandy Greer,aspen.reyes@bilearner.com,PL,Active,Part-Time,Zone C,Part-Time,Unk,,IT/IS,General - Con,22-10-1997,CT,Laborer,Male,28613,Hispanic,Married,Fully Meets,3,medium
3875,Rudy,Richardson,29-Jun-21,,Sr. Network Engineer,Charles Velez,rudy.richardson@bilearner.com,BPC,Active,Contract,Zone A,Temporary,Unk,,IT/IS,Underground,23-08-1969,CT,Laborer,Male,81215,Asian,Divorced,Fully Meets,3,medium
3876,Alana,Castro,24-Oct-21,,Principal Data Architect,Deborah Bell,alana.castro@bilearner.com,CCDR,Active,Contract,Zone C,Temporary,Unk,,IT/IS,General - Con,30-05-1954,MA,Lineman,Female,70578,Hispanic,Single,PIP,3,medium
3877,Oscar,Lopez,22-Oct-18,07-Apr-20,Network Engineer,Christian Ortega,oscar.lopez@bilearner.com,MSC,Active,Part-Time,Zone A,Full-Time,Resignation,Increase town serious care support key heavy.,Executive Office,General - Con,21-01-1976,MA,Lineman,Male,81607,Asian,Single,PIP,3,medium
3878,Carter,Cook,08-Sep-18,23-Aug-21,Network Engineer,Michael Morton,carter.cook@bilearner.com,TNS,Active,Contract,Zone B,Part-Time,Voluntary,Hot star town often onto although cultural.,Executive Office,Engineers,18-02-1967,MA,Engineer,Male,69536,Other,Divorced,Fully Meets,3,medium
3879,Liam,Hanna,08-Feb-19,24-Feb-23,Network Engineer,Brian Aguirre,liam.hanna@bilearner.com,PYZ,Active,Full-Time,Zone C,Part-Time,Involuntary,Say rate glass natural study pattern.,IT/IS,Field Operations,13-01-1996,MA,Clerk,Male,16655,Hispanic,Married,Fully Meets,3,medium
3880,Zara,Pitts,29-Mar-21,27-Jun-21,Network Engineer,Richard Gonzalez,zara.pitts@bilearner.com,WBL,Active,Part-Time,Zone B,Temporary,Voluntary,Offer kitchen foreign role.,IT/IS,General - Con,15-05-1973,MA,Clerical,Male,73726,Black,Single,Fully Meets,3,medium
3881,Abby,Woodward,19-Jun-19,,IT Support,Karen Elliott,abby.woodward@bilearner.com,NEL,Active,Part-Time,Zone B,Part-Time,Unk,,IT/IS,Field Operations,12-11-1992,MA,Laborer,Male,14181,Other,Divorced,Fully Meets,3,medium
3882,Litzy,Esparza,30-Jan-19,,IT Support,Kelly Bean,litzy.esparza@bilearner.com,PL,Active,Contract,Zone C,Part-Time,Unk,,IT/IS,Wireless,15-02-1946,MA,Operator,Female,14438,Asian,Married,Fully Meets,3,medium
3883,Noemi,Brewer,06-May-22,26-Sep-22,IT Support,Jacob Hamilton,noemi.brewer@bilearner.com,BPC,Active,Contract,Zone B,Full-Time,Involuntary,Here employee minute officer southern.,IT/IS,Field Operations,16-06-1991,MA,Administrator,Female,11294,White,Widowed,Fully Meets,3,medium
3884,Gilberto,Macdonald,02-Feb-19,,IT Support,Barbara Skinner,gilberto.macdonald@bilearner.com,CCDR,Active,Full-Time,Zone B,Temporary,Unk,,IT/IS,Engineers,27-04-1987,MA,Engineer,Female,96985,Black,Widowed,Fully Meets,3,medium
3885,Armando,Macias,08-Dec-21,,Sr. Network Engineer,Aaron Oconnor,armando.macias@bilearner.com,EW,Active,Full-Time,Zone B,Part-Time,Unk,,IT/IS,Engineers,21-10-1948,CT,Engineer,Female,93436,Black,Single,Fully Meets,3,medium
3886,Britney,Kelly,12-Oct-18,,Sr. Network Engineer,Christine Mcgee,britney.kelly@bilearner.com,MSC,Active,Part-Time,Zone B,Temporary,Unk,,IT/IS,Wireless,06-12-1977,CT,Technician,Male,42646,Other,Single,Fully Meets,3,medium
3887,Emanuel,Haas,22-Apr-22,15-May-23,Sr. Network Engineer,Jose Moran,emanuel.haas@bilearner.com,NEL,Leave of Absence,Contract,Zone B,Temporary,Retirement,Fact item service few contain less available.,IT/IS,General - Con,24-06-1954,CT,Flagger,Male,54502,White,Divorced,Exceeds,3,medium
3888,Karlie,Drake,05-Sep-21,08-Jul-22,Principal Data Architect,Jimmy Beck,karlie.drake@bilearner.com,PL,Leave of Absence,Full-Time,Zone B,Full-Time,Retirement,Too within that room.,IT/IS,Engineers,20-06-1987,MA,Engineer,Female,88391,Other,Divorced,Fully Meets,3,medium
3889,Myla,Mullen,05-Sep-22,30-Oct-22,Network Engineer,Lisa Chase,myla.mullen@bilearner.com,TNS,Active,Contract,Zone B,Part-Time,Resignation,With affect give water contain lose subject wide.,Executive Office,General - Con,15-10-1982,MA,Foreman,Male,26421,Black,Single,Fully Meets,3,medium
3890,Alan,Holland,19-Jul-22,25-Apr-23,Network Engineer,Susan Livingston,alan.holland@bilearner.com,WBL,Active,Full-Time,Zone B,Temporary,Resignation,Card around respond current seem along.,IT/IS,General - Con,20-08-1999,MA,Foreman,Male,85660,Asian,Divorced,Fully Meets,3,medium
3891,Brooklynn,Greene,26-May-22,,Network Engineer,April Castillo,brooklynn.greene@bilearner.com,BPC,Active,Full-Time,Zone C,Temporary,Unk,,IT/IS,Engineers,04-07-1960,MA,Engineer,Male,60107,Other,Single,Fully Meets,3,medium
3892,Maxwell,Mcpherson,31-Oct-22,,Network Engineer,Diane James,maxwell.mcpherson@bilearner.com,CCDR,Active,Full-Time,Zone A,Full-Time,Unk,,IT/IS,Engineers,01-04-1978,MA,Principal,Male,60831,Hispanic,Divorced,Fully Meets,3,medium
3893,Lukas,Freeman,22-Mar-23,28-Jul-23,IT Support,Allison Shannon,lukas.freeman@bilearner.com,EW,Active,Full-Time,Zone B,Part-Time,Involuntary,Series remember American lawyer probably be.,IT/IS,General - Con,15-04-1953,MA,Laborer,Female,68298,Asian,Married,Fully Meets,3,medium
3894,Yesenia,Nielsen,29-May-23,,IT Support,David Long,yesenia.nielsen@bilearner.com,MSC,Active,Full-Time,Zone A,Full-Time,Unk,,IT/IS,Aerial,02-03-1959,MA,Lineman,Female,72913,Black,Married,Fully Meets,3,medium
3895,Myah,Marsh,23-Feb-20,08-Sep-21,IT Support,Kelly Hall,myah.marsh@bilearner.com,NEL,Active,Full-Time,Zone C,Full-Time,Retirement,Right hold rule similar yeah later floor.,IT/IS,Splicing,16-05-1943,MA,Tester,Female,3137,Other,Single,Fully Meets,3,medium
3896,Korbin,Gilbert,13-Aug-19,10-Jul-22,IT Support,Rachel Sanchez,korbin.gilbert@bilearner.com,PL,Active,Part-Time,Zone B,Temporary,Involuntary,Meeting wind concern action. Scene western serve.,IT/IS,Engineers,20-11-1980,MA,Project Manager,Female,2618,Other,Widowed,Fully Meets,3,medium
3897,Jenna,Maddox,25-Mar-19,13-Sep-21,Sr. Network Engineer,Hector Singleton,jenna.maddox@bilearner.com,NEL,Active,Part-Time,Zone A,Part-Time,Retirement,All machine best age ask court.,IT/IS,Aerial,31-03-1956,CT,Project Manager,Female,84396,Black,Married,Fully Meets,3,medium
3898,Anaya,Preston,14-Dec-18,11-Feb-23,Sr. Network Engineer,Denise Oconnor,anaya.preston@bilearner.com,PL,Leave of Absence,Part-Time,Zone C,Temporary,Retirement,Cut during return could hit view born present.,IT/IS,General - Con,11-07-1948,CT,Lineman,Male,83611,Asian,Single,Fully Meets,3,medium
3899,Eugene,Pena,07-Mar-21,31-Aug-21,Sr. Network Engineer,Ruben Cook,eugene.pena@bilearner.com,BPC,Leave of Absence,Contract,Zone B,Part-Time,Resignation,Issue teacher page true relate. Fight out learn.,IT/IS,Engineers,22-06-1943,CT,Engineer,Female,88656,Other,Divorced,Fully Meets,3,medium
3900,Abel,Baker,16-Jun-23,,Principal Data Architect,Amy Duncan,abel.baker@bilearner.com,CCDR,Active,Contract,Zone C,Full-Time,Unk,,IT/IS,Field Operations,26-09-1995,MA,Field Technician,Female,79249,Asian,Single,Fully Meets,3,medium
3901,Deven,Merritt,18-Jun-21,,Network Engineer,Anthony Cruz MD,deven.merritt@bilearner.com,EW,Active,Part-Time,Zone A,Temporary,Unk,,Executive Office,Project Management - Eng,05-02-1988,MA,Project Manager,Male,3921,Hispanic,Single,Fully Meets,3,medium
3902,Hadassah,Moran,22-May-23,16-Jun-23,Network Engineer,Michelle Perry,hadassah.moran@bilearner.com,MSC,Active,Contract,Zone B,Temporary,Resignation,Deep certainly boy record.,Executive Office,Wireline Construction,02-06-1964,MA,Groundman,Male,84876,Black,Single,Fully Meets,3,medium
